City_ID,City,Country,Date,Lat,Lng,Max Temp,Humidity,Cloudiness,Wind Speed
0,Hambantota,LK,2021-09-24 11:41:58,6.1241,81.1185,80.94,94,75,0.0
1,Mount Gambier,AU,2021-09-24 11:41:58,-37.8333,140.7667,46.31,81,75,9.22
2,Qaanaaq,GL,2021-09-24 11:41:59,77.484,-69.3632,14.68,64,96,6.24
3,Yulara,AU,2021-09-24 11:41:59,-25.2406,130.9889,67.84,13,12,5.75
4,Faanui,PF,2021-09-24 11:42:00,-16.4833,-151.75,76.57,69,18,9.64
5,Saint-Philippe,RE,2021-09-24 11:42:00,-21.3585,55.7679,78.39,84,48,13.18
6,Ostrovnoy,RU,2021-09-24 11:42:01,68.0531,39.5131,51.26,74,89,14.05
7,Hithadhoo,MV,2021-09-24 11:42:02,-0.6,73.0833,81.25,73,100,9.48
8,Portland,US,2021-09-24 11:40:55,45.5234,-122.6762,60.84,89,1,1.01
9,Cape Town,ZA,2021-09-24 11:41:55,-33.9258,18.4232,71.89,58,20,1.99
10,Albany,US,2021-09-24 11:42:02,42.6001,-73.9662,61.09,96,100,3.09
11,Port Blair,IN,2021-09-24 11:42:03,11.6667,92.75,80.35,83,99,10.96
12,Kapaa,US,2021-09-24 11:42:03,22.0752,-159.319,79.12,76,40,4.0
13,Yellowknife,CA,2021-09-24 11:42:04,62.456,-114.3525,43.41,100,90,5.01
14,Barrow,US,2021-09-24 11:42:04,71.2906,-156.7887,28.42,86,90,5.75
15,Chokurdakh,RU,2021-09-24 11:42:05,70.6333,147.9167,35.53,81,100,9.64
16,Longyearbyen,SJ,2021-09-24 11:42:05,78.2186,15.6401,44.44,76,75,10.36
17,Codrington,AU,2021-09-24 11:42:07,-38.2667,141.9667,47.37,67,100,18.92
18,Carnarvon,AU,2021-09-24 11:42:07,-24.8667,113.6333,69.87,78,0,18.41
19,Busselton,AU,2021-09-24 11:42:08,-33.65,115.3333,56.05,71,2,11.36
20,Bud,US,2021-09-24 11:42:08,39.447,-86.1758,48.34,93,0,6.06
21,Khatanga,RU,2021-09-24 11:42:09,71.9667,102.5,31.86,89,97,2.35
22,Hilo,US,2021-09-24 11:42:09,19.7297,-155.09,71.8,60,90,5.75
23,Kaitangata,NZ,2021-09-24 11:42:10,-46.2817,169.8464,44.74,83,95,5.93
24,Butaritari,KI,2021-09-24 11:42:11,3.0707,172.7902,83.17,74,8,17.11
25,Puerto Ayora,EC,2021-09-24 11:42:11,-0.7393,-90.3518,68.77,89,99,5.95
26,Luderitz,NA,2021-09-24 11:42:12,-26.6481,15.1594,75.42,41,0,21.18
27,Punta Arenas,CL,2021-09-24 11:42:12,-53.15,-70.9167,44.62,87,40,13.8
28,Prince Rupert,CA,2021-09-24 11:42:13,54.3161,-130.3201,55.49,88,90,18.41
29,Namibe,AO,2021-09-24 11:42:13,-15.1961,12.1522,83.03,61,0,11.5
30,Paita,PE,2021-09-24 11:42:14,-5.0892,-81.1144,63.52,86,55,9.35
31,Sibolga,ID,2021-09-24 11:42:14,1.7427,98.7792,80.15,81,89,1.81
32,Bluff,NZ,2021-09-24 11:42:15,-46.6,168.3333,50.81,79,100,20.2
33,Leningradskiy,RU,2021-09-24 11:42:15,69.3833,178.4167,24.62,90,100,12.68
34,Tiksi,RU,2021-09-24 11:42:16,71.6872,128.8694,34.2,88,100,13.29
35,New Norfolk,AU,2021-09-24 11:42:16,-42.7826,147.0587,38.91,65,32,3.0
36,Tuatapere,NZ,2021-09-24 11:42:17,-46.1333,167.6833,50.83,93,97,9.78
37,Alta Floresta,BR,2021-09-24 11:42:17,-9.8756,-56.0861,85.91,45,80,3.89
38,Martinsville,US,2021-09-24 11:42:18,36.6915,-79.8725,52.74,97,0,4.27
39,Lebu,CL,2021-09-24 11:42:18,-37.6167,-73.65,52.34,74,4,5.64
40,Nanortalik,GL,2021-09-24 11:42:19,60.1432,-45.2371,35.19,49,0,21.0
41,Hermanus,ZA,2021-09-24 11:42:19,-34.4187,19.2345,70.9,67,72,9.51
42,Labuhan,ID,2021-09-24 11:42:20,-6.8844,112.2051,82.18,70,76,11.25
43,Kinkala,CG,2021-09-24 11:42:20,-4.3614,14.7644,80.91,41,100,3.22
44,Garmsar,IR,2021-09-24 11:42:21,35.2182,52.3409,97.0,8,0,6.78
45,Tasiilaq,GL,2021-09-24 11:42:22,65.6145,-37.6368,33.96,69,100,3.49
46,Heihe,CN,2021-09-24 11:42:22,50.2441,127.4902,57.78,74,100,4.74
47,Den Helder,NL,2021-09-24 11:42:22,52.9599,4.7593,69.98,73,54,20.71
48,Ta Khmau,KH,2021-09-24 11:42:23,11.4833,104.95,82.45,83,75,6.91
49,Narsaq,GL,2021-09-24 11:42:24,60.9167,-46.05,32.22,39,0,3.15
50,Mindelo,CV,2021-09-24 11:42:24,16.8901,-24.9804,81.95,61,40,18.41
51,Praia Da Vitoria,PT,2021-09-24 11:41:27,38.7333,-27.0667,74.75,73,20,9.06
52,Pekalongan,ID,2021-09-24 11:42:25,-6.8886,109.6753,83.01,81,32,4.27
53,Luganville,VU,2021-09-24 11:42:25,-15.5333,167.1667,76.62,88,97,12.03
54,Walvis Bay,NA,2021-09-24 11:39:48,-22.9575,14.5053,69.17,52,12,13.94
55,Port Macquarie,AU,2021-09-24 11:41:06,-31.4333,152.9167,57.16,67,7,7.16
56,Axim,GH,2021-09-24 11:42:26,4.8699,-2.2405,82.9,70,41,10.38
57,Gotsu,JP,2021-09-24 11:42:27,35.0,132.2167,67.82,85,97,7.2
58,Ponta Do Sol,PT,2021-09-24 11:42:27,32.6667,-17.1,78.01,63,11,0.81
59,Port Alfred,ZA,2021-09-24 11:42:28,-33.5906,26.891,67.44,61,84,14.92
60,Bilma,NE,2021-09-24 11:42:28,18.6853,12.9164,102.09,7,7,7.83
61,Mataura,NZ,2021-09-24 11:42:29,-46.1927,168.8643,50.49,83,100,5.14
62,Rikitea,PF,2021-09-24 11:42:30,-23.1203,-134.9692,74.01,78,100,20.96
63,Pangody,RU,2021-09-24 11:42:30,65.85,74.4859,39.7,66,21,8.03
64,Castro,BR,2021-09-24 11:42:31,-24.7911,-50.0119,62.8,60,60,2.73
65,Bredasdorp,ZA,2021-09-24 11:42:31,-34.5322,20.0403,72.72,40,89,10.36
66,Paamiut,GL,2021-09-24 11:42:32,61.994,-49.6678,30.99,43,6,23.0
67,Mar Del Plata,AR,2021-09-24 11:42:32,-38.0023,-57.5575,54.09,64,75,7.0
68,Kodiak,US,2021-09-24 11:42:33,57.79,-152.4072,37.22,67,1,16.87
69,Lagoa,PT,2021-09-24 11:42:33,39.05,-27.9833,68.59,68,98,12.35
70,Norman Wells,CA,2021-09-24 11:42:34,65.282,-126.8329,39.24,75,20,14.97
71,Balikpapan,ID,2021-09-24 11:42:35,-1.2675,116.8289,78.35,79,85,2.82
72,Atar,MR,2021-09-24 11:42:35,20.5169,-13.0499,98.42,17,5,11.7
73,Ushuaia,AR,2021-09-24 11:40:26,-54.8,-68.3,47.86,57,75,11.5
74,Provideniya,RU,2021-09-24 11:42:36,64.3833,-173.3,33.82,97,100,17.02
75,Viedma,AR,2021-09-24 11:42:36,-40.8135,-62.9967,61.5,47,23,11.16
76,Poya,NC,2021-09-24 11:42:36,-21.35,165.15,67.69,72,100,4.63
77,Kununurra,AU,2021-09-24 11:42:37,-15.7667,128.7333,75.18,22,28,9.22
78,Bethel,US,2021-09-24 11:42:37,41.3712,-73.414,64.08,93,90,3.44
79,Pahrump,US,2021-09-24 11:42:38,36.2083,-115.9839,77.11,33,2,3.11
80,Georgetown,MY,2021-09-24 11:37:53,5.4112,100.3354,85.98,75,20,5.01
81,Lorengau,PG,2021-09-24 11:42:38,-2.0226,147.2712,82.13,77,41,10.18
82,Martapura,ID,2021-09-24 11:42:39,-3.4167,114.85,78.89,89,90,3.44
83,Yoichi,JP,2021-09-24 11:42:40,43.2039,140.7703,59.04,63,44,10.31
84,Vaini,TO,2021-09-24 11:42:40,-21.2,-175.2,71.76,83,90,12.66
85,Saint-Paul,RE,2021-09-24 11:42:41,-21.0096,55.2707,78.91,80,37,1.12
86,Frutal,BR,2021-09-24 11:37:44,-20.0247,-48.9406,84.6,34,11,8.05
87,Cherskiy,RU,2021-09-24 11:42:42,68.75,161.3,27.91,77,100,4.97
88,Sao Filipe,CV,2021-09-24 11:42:42,14.8961,-24.4956,79.16,74,100,8.1
89,Sulangan,PH,2021-09-24 11:42:42,11.1373,123.7228,84.49,77,92,17.25
90,Charters Towers,AU,2021-09-24 11:42:43,-20.1,146.2667,62.96,82,1,11.56
91,Acapulco,MX,2021-09-24 11:42:44,16.8634,-99.8901,77.32,86,68,4.88
92,Chebenki,RU,2021-09-24 11:42:44,51.9337,55.7077,62.35,22,100,17.6
93,Fortuna,US,2021-09-24 11:42:45,40.5982,-124.1573,59.92,67,1,10.36
94,Camoapa,NI,2021-09-24 11:42:46,12.3839,-85.5116,68.18,97,100,5.5
95,Pamanukan,ID,2021-09-24 11:42:46,-6.2842,107.8106,82.51,72,29,9.53
96,Sinnamary,GF,2021-09-24 11:42:47,5.3833,-52.95,84.65,70,64,7.38
97,Mazabuka,ZM,2021-09-24 11:42:48,-15.856,27.748,88.2,18,0,8.86
98,Bataipora,BR,2021-09-24 11:42:48,-22.2953,-53.2711,77.81,35,100,4.41
99,Sherghati,IN,2021-09-24 11:42:49,24.5667,84.7833,80.22,76,62,4.0
100,Sao Felix Do Xingu,BR,2021-09-24 11:42:50,-6.6447,-51.995,87.13,46,84,5.37
101,Itaqui,BR,2021-09-24 11:42:50,-29.1253,-56.5531,61.07,72,0,9.06
102,Port Said,EG,2021-09-24 11:42:51,31.2565,32.2841,82.38,44,40,13.8
103,Evensk,RU,2021-09-24 11:42:51,61.95,159.2333,40.5,78,46,1.07
104,Ambon,ID,2021-09-24 11:42:52,-3.6954,128.1814,78.26,84,100,8.39
105,Mendoza,AR,2021-09-24 11:42:30,-32.8908,-68.8272,53.13,58,0,0.0
106,Rio Grande,BR,2021-09-24 11:42:52,-32.035,-52.0986,57.94,85,79,14.65
107,Avarua,CK,2021-09-24 11:42:53,-21.2078,-159.775,62.65,88,81,0.0
108,Kumbo,CM,2021-09-24 11:42:53,6.2,10.6667,64.72,89,96,3.91
109,Grand Gaube,MU,2021-09-24 11:42:54,-20.0064,57.6608,77.4,66,5,8.99
110,High Prairie,CA,2021-09-24 11:42:54,55.4334,-116.4858,44.71,54,99,5.35
111,Beringovskiy,RU,2021-09-24 11:42:55,63.05,179.3167,33.26,96,100,24.34
112,Cherdyn,RU,2021-09-24 11:42:55,60.403,56.4787,53.1,64,27,5.46
113,Sitka,US,2021-09-24 11:40:55,57.0531,-135.33,55.29,88,90,17.27
114,Hasaki,JP,2021-09-24 11:42:56,35.7333,140.8333,71.89,71,83,10.0
115,Port Elizabeth,ZA,2021-09-24 11:42:56,-33.918,25.5701,73.09,59,0,23.02
116,Sire,NG,2021-09-24 11:42:57,12.9299,5.2043,91.65,41,64,4.88
117,Arraial Do Cabo,BR,2021-09-24 11:42:57,-22.9661,-42.0278,69.76,64,20,13.8
118,Constitucion,CL,2021-09-24 11:42:58,-35.3333,-72.4167,56.26,69,4,4.74
119,Jamestown,US,2021-09-24 11:38:54,42.097,-79.2353,51.39,67,90,8.01
120,Saint Pete Beach,US,2021-09-24 11:42:59,27.7253,-82.7412,78.01,70,30,4.0
121,Uyuni,BO,2021-09-24 11:42:59,-20.4597,-66.825,48.16,58,0,9.4
122,Whyalla,AU,2021-09-24 11:43:00,-33.0333,137.5833,55.29,67,0,13.8
123,Garowe,SO,2021-09-24 11:43:00,8.4054,48.4845,85.6,43,76,22.55
124,Batamshinskiy,KZ,2021-09-24 11:43:01,50.5594,58.2747,58.98,23,100,21.43
125,Riyadh,SA,2021-09-24 11:43:01,24.6877,46.7219,102.34,10,26,7.56
126,Airai,TL,2021-09-24 11:43:02,-8.9266,125.4092,60.53,78,99,1.23
127,Saldanha,ZA,2021-09-24 11:43:02,-33.0117,17.9442,68.05,71,54,9.4
128,Tyukhtet,RU,2021-09-24 11:43:02,56.5389,89.3011,36.05,91,100,6.78
129,Dingle,PH,2021-09-24 11:43:03,10.9995,122.6711,78.73,87,73,5.93
130,Daru,PG,2021-09-24 11:43:03,-9.0763,143.2092,76.77,89,84,13.42
131,Dikson,RU,2021-09-24 11:43:04,73.5069,80.5464,35.69,80,73,10.51
132,Boa Vista,BR,2021-09-24 11:43:05,2.8197,-60.6733,78.78,83,75,2.3
133,Presidente Venceslau,BR,2021-09-24 11:43:05,-21.8761,-51.8439,62.8,37,97,9.66
134,Wufeng,CN,2021-09-24 11:43:06,27.45,104.8333,61.95,87,3,7.76
135,Mahebourg,MU,2021-09-24 11:43:07,-20.4081,57.7,77.29,69,40,12.66
136,Cape Canaveral,US,2021-09-24 11:43:07,28.4058,-80.6048,79.03,83,1,5.75
137,Tomatlan,MX,2021-09-24 11:43:07,19.9333,-105.25,72.9,80,77,4.38
138,San Carlos,VE,2021-09-24 11:43:08,9.6612,-68.5827,74.93,93,70,0.58
139,Tazovskiy,RU,2021-09-24 11:43:08,67.4667,78.7,37.99,70,9,8.5
140,Aksarka,RU,2021-09-24 11:43:09,66.5606,67.7975,43.93,64,13,1.68
141,Tuktoyaktuk,CA,2021-09-24 11:43:09,69.4541,-133.0374,31.23,81,100,14.43
142,Mazyr,BY,2021-09-24 11:43:10,52.0495,29.2456,48.29,91,73,19.39
143,Goderich,CA,2021-09-24 11:43:10,43.7501,-81.7165,54.91,82,100,16.11
144,Banjarmasin,ID,2021-09-24 11:40:26,-3.3244,114.591,78.94,92,99,2.82
145,Oulu,FI,2021-09-24 11:43:11,65.0124,25.4682,53.22,71,90,5.01
146,Sawtell,AU,2021-09-24 11:43:12,-30.3833,153.1,64.72,71,2,8.05
147,Atuona,PF,2021-09-24 11:43:12,-9.8,-139.0333,77.54,75,88,17.96
148,Golden,US,2021-09-24 11:40:27,39.7555,-105.2211,59.76,42,1,10.36
149,Fengkou,CN,2021-09-24 11:43:13,30.0833,113.2667,84.4,64,2,6.67
150,Tungor,RU,2021-09-24 11:43:13,53.3808,142.9564,43.5,87,1,2.3
151,Zephyrhills,US,2021-09-24 11:43:14,28.2336,-82.1812,77.09,91,40,3.44
152,Maneadero,MX,2021-09-24 11:43:14,31.7167,-116.5667,65.1,90,60,3.0
153,Abu Kamal,SY,2021-09-24 11:43:15,34.4506,40.9171,88.5,28,0,12.93
154,Manbij,SY,2021-09-24 11:43:16,36.5281,37.9549,77.77,23,58,3.78
155,Mogadishu,SO,2021-09-24 11:43:16,2.0371,45.3438,85.87,79,40,18.41
156,Villerupt,FR,2021-09-24 11:43:17,49.4674,5.9329,69.33,75,84,7.83
157,Mirnyy,RU,2021-09-24 11:43:18,62.5353,113.9611,37.72,88,27,4.59
158,Nalut,LY,2021-09-24 11:43:18,30.3333,10.85,97.32,13,2,7.9
159,Torbay,CA,2021-09-24 11:43:18,47.6666,-52.7314,52.57,78,75,14.97
160,Skibbereen,IE,2021-09-24 11:43:19,51.55,-9.2667,67.8,85,91,12.62
161,Vila Velha,BR,2021-09-24 11:43:19,-20.3297,-40.2925,73.96,69,40,5.75
162,Zhezkazgan,KZ,2021-09-24 11:43:20,47.8043,67.7144,59.18,17,64,17.87
163,Hobart,AU,2021-09-24 11:40:23,-42.8794,147.3294,39.25,88,75,1.99
164,Bengkulu,ID,2021-09-24 11:43:21,-3.8004,102.2655,79.7,81,45,2.06
165,Faya,SA,2021-09-24 11:43:21,18.3851,42.4509,79.32,35,99,7.43
166,Port Hedland,AU,2021-09-24 11:43:22,-20.3167,118.5667,73.45,78,13,6.91
167,Prince George,CA,2021-09-24 11:43:22,53.9166,-122.753,49.62,92,90,2.3
168,Yatou,CN,2021-09-24 11:43:23,37.15,122.3833,67.44,83,90,7.52
169,Road Town,VG,2021-09-24 11:42:59,18.4167,-64.6167,85.19,73,47,7.83
170,Moyale,KE,2021-09-24 11:43:24,3.5167,39.0584,81.77,35,100,16.82
171,Nikolskoye,RU,2021-09-24 11:43:24,59.7035,30.7861,54.39,64,100,8.12
172,Ketchikan,US,2021-09-24 11:43:25,55.3422,-131.6461,55.38,99,100,8.88
173,Goianapolis,BR,2021-09-24 11:43:25,-16.5106,-49.0239,73.62,33,3,12.08
174,Kavaratti,IN,2021-09-24 11:43:25,10.5669,72.642,82.47,76,46,15.82
175,Saskylakh,RU,2021-09-24 11:43:26,71.9167,114.0833,33.75,90,100,6.42
176,Peace River,CA,2021-09-24 11:43:26,56.2501,-117.286,43.66,75,75,1.01
177,Saquarema,BR,2021-09-24 11:43:27,-22.92,-42.5103,69.94,57,43,15.75
178,Anadyr,RU,2021-09-24 11:43:27,64.75,177.4833,27.1,86,40,15.01
179,Pokhara,NP,2021-09-24 11:40:00,28.2333,83.9833,74.66,88,31,1.19
180,Vanavara,RU,2021-09-24 11:43:28,60.34,102.2797,32.43,67,68,1.59
181,Komsomolskiy,UZ,2021-09-24 11:43:28,40.4272,71.7189,83.12,23,0,6.91
182,Bonavista,CA,2021-09-24 11:43:29,48.6499,-53.1147,53.11,66,100,18.68
183,Noumea,NC,2021-09-24 11:41:48,-22.2763,166.4572,64.38,70,100,10.33
184,Bambous Virieux,MU,2021-09-24 11:43:30,-20.3428,57.7575,77.25,69,40,12.66
185,Porterville,US,2021-09-24 11:43:13,36.0652,-119.0168,66.58,48,70,4.61
186,Thompson,CA,2021-09-24 11:43:30,55.7435,-97.8558,44.76,93,90,11.5
187,George Town,MY,2021-09-24 11:43:31,5.4112,100.3354,85.98,75,20,5.01
188,Kattivakkam,IN,2021-09-24 11:43:32,13.2167,80.3167,87.89,71,90,12.57
189,Hami,CN,2021-09-24 11:43:32,42.8,93.45,78.31,14,48,10.04
190,Miri,MY,2021-09-24 11:43:21,4.4148,114.0089,84.34,79,40,5.75
191,Cartagena,CO,2021-09-24 11:41:58,10.3997,-75.5144,76.62,100,90,3.44
192,Adrar,MR,2021-09-24 11:43:33,20.5022,-10.0711,97.86,15,99,9.86
193,Golcuv Jenikov,CZ,2021-09-24 11:43:33,49.8163,15.4769,65.71,73,75,20.71
194,Altamira,BR,2021-09-24 11:43:34,-3.2033,-52.2064,80.69,89,0,4.61
195,Jalu,LY,2021-09-24 11:43:34,29.0331,21.5482,87.8,29,0,13.09
196,Mezen,RU,2021-09-24 11:43:35,65.8522,44.24,50.31,75,100,12.55
197,Poum,NC,2021-09-24 11:43:35,-20.2333,164.0167,72.19,66,100,12.26
198,Mandera,KE,2021-09-24 11:43:36,3.9366,41.867,95.58,24,100,17.49
199,Ugoofaaru,MV,2021-09-24 11:43:37,5.6667,73.0,82.51,77,100,14.14
200,Mizan Teferi,ET,2021-09-24 11:43:37,6.9833,35.5833,70.3,90,58,1.61
201,East London,ZA,2021-09-24 11:43:38,-33.0153,27.9116,68.94,56,0,17.27
202,Upernavik,GL,2021-09-24 11:43:38,72.7868,-56.1549,25.29,91,100,7.25
203,Copiapo,CL,2021-09-24 11:42:05,-27.3667,-70.3333,47.89,44,0,2.53
204,Gornyy,RU,2021-09-24 11:43:39,55.1153,83.9059,37.22,86,100,12.39
205,Kerchevskiy,RU,2021-09-24 11:43:40,59.946,56.2884,52.68,68,95,5.79
206,Hualmay,PE,2021-09-24 11:43:40,-11.0964,-77.6139,62.44,82,54,6.89
207,Mathbaria,BD,2021-09-24 11:43:41,22.2876,89.9593,82.87,81,87,4.34
208,Kruisfontein,ZA,2021-09-24 11:43:41,-34.0033,24.7314,70.88,52,87,13.35
209,Ribeira Grande,PT,2021-09-24 11:43:42,38.5167,-28.7,72.0,78,40,14.97
210,Gamba,GA,2021-09-24 11:43:43,-2.65,10.0,78.28,78,100,6.06
211,Warsaw,PL,2021-09-24 11:42:47,52.2298,21.0118,63.55,64,75,1.99
212,Tecoanapa,MX,2021-09-24 11:43:43,16.5167,-98.75,78.66,84,97,3.31
213,Aklavik,CA,2021-09-24 11:43:44,68.2191,-135.0107,29.23,90,100,6.42
214,Alice Springs,AU,2021-09-24 11:43:29,-23.7,133.8833,63.95,16,3,5.75
215,Saurimo,AO,2021-09-24 11:43:44,-9.6608,20.3916,93.4,21,100,6.17
216,Erzin,TR,2021-09-24 11:43:45,36.9559,36.2,84.72,24,0,9.1
217,Victoria,HK,2021-09-24 11:41:23,22.2855,114.1577,87.76,81,8,1.01
218,Yokadouma,CM,2021-09-24 11:43:46,3.5167,15.05,70.84,97,100,1.7
219,Lusambo,CD,2021-09-24 11:43:46,-4.9667,23.45,92.46,38,94,2.06
220,Terrace Bay,CA,2021-09-24 11:43:47,48.7834,-87.1,38.82,59,100,2.77
221,Kaliganj,BD,2021-09-24 11:43:47,23.4095,89.1402,85.08,73,73,4.29
222,Homer,US,2021-09-24 11:39:59,59.6425,-151.5483,42.67,93,90,0.0
223,Saint George,US,2021-09-24 11:43:48,37.1041,-113.5841,73.99,25,1,3.0
224,Redmond,US,2021-09-24 11:40:03,47.674,-122.1215,56.98,90,8,1.99
225,Emirdag,TR,2021-09-24 11:43:49,39.0197,31.15,59.34,38,17,4.81
226,Souillac,MU,2021-09-24 11:43:50,-20.5167,57.5167,77.38,69,40,12.66
227,Fairbanks,US,2021-09-24 11:40:31,64.8378,-147.7164,33.76,90,90,3.44
228,Taoudenni,ML,2021-09-24 11:43:50,22.6783,-3.9836,107.64,8,15,2.66
229,Kemin,KG,2021-09-24 11:43:51,42.7846,75.6892,65.82,20,57,5.97
230,Saint-Francois,FR,2021-09-24 11:43:51,46.4154,3.9054,75.67,69,0,5.75
231,Copiague,US,2021-09-24 11:43:52,40.6815,-73.3998,62.98,94,90,9.22
232,Diffa,NE,2021-09-24 11:43:53,13.3154,12.6113,99.84,16,51,10.71
233,Laguna,US,2021-09-24 11:43:53,38.421,-121.4238,75.31,62,1,5.75
234,Atbasar,KZ,2021-09-24 11:43:54,51.8,68.3333,51.48,32,17,1.92
235,Paranga,RU,2021-09-24 11:43:54,56.7039,49.4047,51.57,68,100,14.23
236,Te Anau,NZ,2021-09-24 11:43:55,-45.4167,167.7167,46.87,95,100,7.31
237,Mackay,AU,2021-09-24 11:43:55,-21.15,149.2,66.04,82,4,5.75
238,Nushki,PK,2021-09-24 11:43:56,29.5542,66.0215,93.13,7,0,8.88
239,Kavieng,PG,2021-09-24 11:43:57,-2.5744,150.7967,82.18,77,99,13.8
240,Iskateley,RU,2021-09-24 11:43:57,67.6803,53.1512,50.79,64,66,8.55
241,Iqaluit,CA,2021-09-24 11:43:25,63.7506,-68.5145,29.93,86,90,11.99
242,Teliu,RO,2021-09-24 11:43:58,45.6979,25.858,58.66,62,100,13.2
243,Flinders,AU,2021-09-24 11:43:58,-34.5833,150.8552,67.28,57,0,1.99
244,Mangrol,IN,2021-09-24 11:43:59,21.1167,70.1167,82.06,81,40,12.39
245,Salalah,OM,2021-09-24 11:41:46,17.0151,54.0924,87.89,70,20,13.8
246,Berlevag,NO,2021-09-24 11:43:59,70.8578,29.0864,50.0,62,75,13.8
247,Guerrero Negro,MX,2021-09-24 11:44:00,27.9769,-114.0611,71.15,79,100,9.28
248,Dudinka,RU,2021-09-24 11:44:01,69.4058,86.1778,33.49,79,7,5.19
249,Eldorado,BR,2021-09-24 11:44:01,-23.7869,-54.2836,73.08,59,89,6.58
250,Serenje,ZM,2021-09-24 11:44:02,-13.2325,30.2352,84.43,21,10,11.65
251,Sheltozero,RU,2021-09-24 11:44:03,61.3667,35.3667,53.01,75,92,10.69
252,High Rock,BS,2021-09-24 11:44:04,26.6208,-78.2833,77.02,69,64,4.7
253,Kasongo,CD,2021-09-24 11:44:04,-4.45,26.6667,84.61,51,96,1.92
254,Erenhot,CN,2021-09-24 11:44:05,43.6475,111.9767,71.02,46,82,5.57
255,Tondabayashi,JP,2021-09-24 11:44:05,34.5,135.6,76.24,69,100,4.18
256,Itacoatiara,BR,2021-09-24 11:41:10,-3.1431,-58.4442,84.52,62,94,1.92
257,Henties Bay,NA,2021-09-24 11:44:06,-22.116,14.2845,64.47,64,4,10.51
258,Geraldton,AU,2021-09-24 11:44:07,-28.7667,114.6,66.61,77,31,11.5
259,Touros,BR,2021-09-24 11:42:29,-5.1989,-35.4608,85.1,58,24,17.47
260,Pemangkat,ID,2021-09-24 11:44:08,1.1667,108.9667,81.43,82,81,8.75
261,Kyra,RU,2021-09-24 11:44:08,49.5776,111.9753,49.8,81,100,3.91
262,Yumen,CN,2021-09-24 11:44:09,40.2833,97.2,73.98,19,0,6.04
263,Orangeburg,US,2021-09-24 11:43:27,33.4918,-80.8557,56.84,91,1,4.61
264,Marsabit,KE,2021-09-24 11:44:09,2.3284,37.9899,81.21,31,82,20.56
265,Loikaw,MM,2021-09-24 11:44:10,19.6742,97.2094,70.36,96,100,1.9
266,Nicoya,CR,2021-09-24 11:44:10,10.1483,-85.452,73.53,95,91,1.66
267,Fort-Shevchenko,KZ,2021-09-24 11:44:11,44.5086,50.263,65.26,76,0,22.1
268,Avera,US,2021-09-24 11:44:11,33.194,-82.5271,57.07,74,0,6.08
269,Vostok,RU,2021-09-24 11:44:12,46.4856,135.8833,41.83,84,41,2.33
270,Monroe,US,2021-09-24 11:42:43,43.1501,-77.6831,57.4,77,75,10.36
271,Dayong,CN,2021-09-24 11:44:13,25.0209,118.2898,85.68,88,29,3.33
272,Kachiry,KZ,2021-09-24 11:44:13,53.0675,76.1036,46.98,48,99,11.48
273,Paris,FR,2021-09-24 11:44:14,48.8534,2.3488,69.78,71,90,1.99
274,Celestun,MX,2021-09-24 11:44:14,20.8667,-90.4,75.67,89,100,4.32
275,Kungurtug,RU,2021-09-24 11:44:15,50.5994,97.5228,41.16,56,92,4.05
276,Severnyy,RU,2021-09-24 11:44:15,50.677,36.5532,51.84,66,75,11.18
277,Cloquet,US,2021-09-24 11:44:16,46.7216,-92.4594,54.28,90,1,0.0
278,Krasnoselkup,RU,2021-09-24 11:44:16,65.7,82.4667,37.31,65,32,10.8
279,Samal,PH,2021-09-24 11:44:17,7.0744,125.7083,84.27,79,90,5.75
280,Jaciara,BR,2021-09-24 11:42:20,-15.9653,-54.9683,91.29,22,30,6.71
281,Tiarei,PF,2021-09-24 11:44:18,-17.5333,-149.3333,75.22,70,13,8.9
282,Visnes,NO,2021-09-24 11:44:18,59.3556,5.2242,59.05,82,90,27.63
283,Yabrud,SY,2021-09-24 11:44:18,33.9674,36.6574,71.26,33,2,1.21
284,Kirakira,SB,2021-09-24 11:44:19,-10.4544,161.9205,78.15,84,56,7.25
285,El Tigre,VE,2021-09-24 11:44:20,8.8875,-64.2454,78.15,77,26,6.89
286,Gornoye Loo,RU,2021-09-24 11:44:21,43.7129,39.6049,65.98,56,4,6.71
287,Mapimi,MX,2021-09-24 11:44:21,25.8167,-103.85,67.17,57,73,1.74
288,Myitkyina,MM,2021-09-24 11:44:22,25.3833,97.4,83.1,69,13,0.94
289,Vaitape,PF,2021-09-24 11:44:22,-16.5167,-151.75,76.55,69,18,9.73
290,Balbalan,PH,2021-09-24 11:44:23,17.4414,121.2019,65.91,96,29,1.48
291,Srandakan,ID,2021-09-24 11:44:23,-7.9386,110.2506,77.81,86,38,9.66
292,Margate,GB,2021-09-24 11:44:24,51.3813,1.3862,71.19,54,38,10.45
293,Burnie,AU,2021-09-24 11:44:24,-41.0667,145.9167,40.73,76,43,16.33
294,Kahului,US,2021-09-24 11:44:25,20.8947,-156.47,75.22,78,1,11.5
295,Roma,US,2021-09-24 11:42:30,43.2128,-75.4557,53.96,92,1,8.05
296,Sibu,MY,2021-09-24 11:44:27,2.3,111.8167,80.91,83,40,3.0
297,Dukat,RU,2021-09-24 11:44:27,62.55,155.55,33.62,84,24,3.31
298,Padang,ID,2021-09-24 11:44:28,-0.9492,100.3543,78.85,84,99,1.61
299,Pochutla,MX,2021-09-24 11:44:28,15.7432,-96.4661,74.82,78,98,3.67
300,Wangqing,CN,2021-09-24 11:44:29,43.3218,129.7634,52.86,93,8,3.8
301,Clyde River,CA,2021-09-24 11:44:29,70.4692,-68.5914,29.25,64,32,5.19
302,Warmbad,NA,2021-09-24 11:44:30,-28.45,18.7333,83.34,8,1,1.5
303,Chicama,PE,2021-09-24 11:44:30,-7.8447,-79.1469,57.74,84,33,2.77
304,Mayor Pablo Lagerenza,PY,2021-09-24 11:44:31,-19.9309,-60.7718,73.71,40,92,8.34
305,Manhattan,US,2021-09-24 11:44:32,40.7834,-73.9662,60.42,87,90,0.0
306,Fort Nelson,CA,2021-09-24 11:44:32,58.8053,-122.7002,36.99,81,75,0.0
307,Novaya Zaimka,RU,2021-09-24 11:44:33,56.4857,66.9241,52.54,52,88,5.19
308,Vallenar,CL,2021-09-24 11:44:33,-28.5708,-70.7581,67.05,33,0,3.49
309,Guatire,VE,2021-09-24 11:44:33,10.4762,-66.5427,79.2,83,52,3.24
310,Basco,PH,2021-09-24 11:44:34,20.4487,121.9702,84.88,73,4,20.22
311,Ende,ID,2021-09-24 11:44:34,-8.8432,121.6623,78.06,78,99,1.23
312,Saint-Joseph,RE,2021-09-24 11:44:35,-21.3667,55.6167,77.38,80,36,13.91
313,Paka,MY,2021-09-24 11:44:36,4.6374,103.4368,76.98,94,40,3.44
314,Kamen-Rybolov,RU,2021-09-24 11:44:36,44.7481,132.0403,53.42,67,5,0.92
315,Hellin,ES,2021-09-24 11:44:37,38.5106,-1.701,75.15,68,100,7.14
316,Pacific Grove,US,2021-09-24 11:44:37,36.6177,-121.9166,66.76,95,90,1.01
317,Sao Sebastiao,BR,2021-09-24 11:44:38,-23.76,-45.4097,69.44,66,36,5.75
318,Piranshahr,IR,2021-09-24 11:44:38,36.701,45.1413,75.85,28,2,18.21
319,Harlingen,US,2021-09-24 11:44:39,26.1906,-97.6961,69.98,88,1,4.61
320,Hamilton,US,2021-09-24 11:40:55,39.1834,-84.5333,49.55,92,20,0.0
321,Chittaurgarh,IN,2021-09-24 11:44:39,24.8833,74.6333,83.44,75,82,5.08
322,Blackwater,AU,2021-09-24 11:44:40,-23.5833,148.8833,62.56,65,8,10.45
323,Moerai,PF,2021-09-24 11:44:40,-22.4333,-151.3333,71.28,73,4,12.73
324,Sept-Iles,CA,2021-09-24 11:41:18,50.2001,-66.3821,49.24,88,90,8.99
325,Nome,US,2021-09-24 11:44:41,64.5011,-165.4064,30.27,75,90,0.0
326,Kantang,TH,2021-09-24 11:44:42,7.4054,99.5156,86.09,70,20,3.44
327,Hemsedal,NO,2021-09-24 11:44:42,60.8629,8.5534,47.23,95,100,4.12
328,Tilichiki,RU,2021-09-24 11:44:43,60.4667,166.1,34.11,75,8,9.44
329,Tromso,NO,2021-09-24 11:44:43,69.6496,18.957,46.38,81,75,1.01
330,Yar-Sale,RU,2021-09-24 11:44:44,66.8333,70.8333,40.95,84,99,4.76
331,Husavik,IS,2021-09-24 11:44:44,66.0449,-17.3389,37.31,89,100,5.88
332,Wagar,SD,2021-09-24 11:44:45,16.1525,36.2032,98.91,26,44,2.71
333,Douglas,US,2021-09-24 11:44:45,41.3,-96.167,60.15,78,1,0.0
334,Bosobolo,CD,2021-09-24 11:44:46,4.1833,19.9,78.42,87,82,4.09
335,Nantucket,US,2021-09-24 11:44:47,41.2835,-70.0995,74.01,94,1,14.97
336,Fukue,JP,2021-09-24 11:44:47,32.6881,128.8419,74.75,75,33,20.96
337,Atherton,GB,2021-09-24 11:40:47,53.5237,-2.4935,69.21,88,100,12.24
338,Bosaso,SO,2021-09-24 11:44:48,11.2842,49.1816,94.98,63,20,10.36
339,Severo-Kurilsk,RU,2021-09-24 11:44:48,50.6789,156.125,48.63,95,100,24.14
340,Porto Novo,BJ,2021-09-24 11:44:49,6.4965,2.6036,85.82,60,93,9.1
341,Palmerston,AU,2021-09-24 11:41:43,-12.486,130.9833,82.38,72,40,11.5
342,Nyagan,RU,2021-09-24 11:44:50,62.1406,65.3936,49.68,61,4,3.49
343,Wageningen,NL,2021-09-24 11:44:50,51.9667,5.6667,71.08,76,75,13.8
344,Cayenne,GF,2021-09-24 11:44:50,4.9333,-52.3333,87.1,81,88,3.44
345,Hovd,MN,2021-09-24 11:44:51,48.0056,91.6419,50.29,41,100,2.33
346,Coihaique,CL,2021-09-24 11:44:52,-45.5752,-72.0662,52.41,81,0,5.75
347,Monrovia,LR,2021-09-24 11:44:52,6.3005,-10.7969,77.68,84,100,7.96
348,Apple Valley,US,2021-09-24 11:44:53,34.5008,-117.1859,72.1,46,2,1.01
349,Lamu,KE,2021-09-24 11:44:53,-2.2717,40.902,84.42,63,74,15.82
350,Teeli,RU,2021-09-24 11:44:53,51.0333,90.2333,38.19,89,100,3.83
351,Freeport,US,2021-09-24 11:44:49,40.6576,-73.5832,62.04,82,90,1.01
352,Amga,RU,2021-09-24 11:44:54,60.8953,131.9608,43.52,96,74,7.14
353,Lavrentiya,RU,2021-09-24 11:44:55,65.5833,-171.0,33.06,79,100,15.41
354,Kralendijk,BQ,2021-09-24 11:44:55,12.15,-68.2667,82.38,83,98,11.5
355,Rush,IE,2021-09-24 11:44:57,53.5223,-6.0931,69.96,77,75,12.66
356,Tateyama,JP,2021-09-24 11:44:57,34.9833,139.8667,77.05,73,80,8.19
357,Taltal,CL,2021-09-24 11:44:58,-25.4,-70.4833,58.6,73,40,3.36
358,Port-Gentil,GA,2021-09-24 11:44:58,-0.7193,8.7815,78.76,89,90,8.05
359,Batagay-Alyta,RU,2021-09-24 11:44:59,67.8006,130.4114,31.6,89,100,2.82
360,Monte Santo De Minas,BR,2021-09-24 11:44:59,-21.1897,-46.9803,76.68,36,55,6.55
361,Kitimat,CA,2021-09-24 11:41:37,54.0524,-128.6534,52.18,35,100,5.01
362,Launceston,AU,2021-09-24 11:45:00,-41.45,147.1667,40.15,72,35,3.0
363,Vila Do Maio,CV,2021-09-24 11:45:00,15.1333,-23.2167,84.99,76,100,10.0
364,Trofors,NO,2021-09-24 11:45:01,65.5333,13.4063,49.77,62,95,3.91
365,Waipawa,NZ,2021-09-24 11:45:02,-41.4122,175.5153,53.46,86,3,7.14
366,Pindiga,NG,2021-09-24 11:45:03,9.9833,10.9333,81.61,60,100,3.11
367,Necochea,AR,2021-09-24 11:45:03,-38.5473,-58.7368,50.04,81,1,7.36
368,Christchurch,NZ,2021-09-24 11:42:40,-43.5333,172.6333,52.0,52,0,1.01
369,Mecca,SA,2021-09-24 11:41:04,21.4267,39.8261,105.28,21,32,23.62
370,Santa Maria,BR,2021-09-24 11:45:04,-29.6842,-53.8069,54.7,100,75,0.0
371,Wadsworth,US,2021-09-24 11:45:05,41.0256,-81.7299,52.18,90,28,3.0
372,Omboue,GA,2021-09-24 11:45:05,-1.5746,9.2618,80.71,73,99,9.31
373,Valleyview,CA,2021-09-24 11:45:06,55.0667,-117.2859,44.29,62,95,6.62
374,Pisco,PE,2021-09-24 11:45:07,-13.7,-76.2167,60.85,88,90,0.0
375,Torbat-E Jam,IR,2021-09-24 11:45:08,35.244,60.6225,90.66,5,0,11.99
376,Rio Negro,BR,2021-09-24 11:45:08,-26.1058,-49.7975,61.79,59,81,1.88
377,Camapua,BR,2021-09-24 11:45:09,-19.5314,-54.0439,86.0,26,44,9.69
378,Tautira,PF,2021-09-24 11:45:09,-17.7333,-149.15,75.22,74,12,10.98
379,Ayr,GB,2021-09-24 11:45:10,55.4627,-4.6339,64.92,94,90,18.41
380,Chumikan,RU,2021-09-24 11:45:10,54.7183,135.315,53.53,59,76,15.14
381,Victor Harbor,AU,2021-09-24 11:45:11,-35.5667,138.6167,55.49,75,75,11.7
382,Sola,VU,2021-09-24 11:45:11,-13.8833,167.55,79.09,81,32,17.49
383,Haines Junction,CA,2021-09-24 11:45:11,60.7522,-137.5108,35.55,100,100,2.3
384,Kinshasa,CD,2021-09-24 11:40:35,-4.3246,15.3215,82.78,65,75,5.75
385,Kuusamo,FI,2021-09-24 11:45:12,65.9667,29.1833,42.84,93,90,10.36
386,Sambava,MG,2021-09-24 11:45:12,-14.2667,50.1667,77.58,68,0,18.84
387,Obihiro,JP,2021-09-24 11:45:13,42.9172,143.2044,51.21,88,59,1.92
388,Longonjo,AO,2021-09-24 11:45:13,-12.9067,15.2533,96.08,8,7,9.4
389,Chuy,UY,2021-09-24 11:45:14,-33.6971,-53.4616,58.98,82,8,9.66
390,Beira,MZ,2021-09-24 11:45:14,-19.8436,34.8389,80.69,54,20,14.0
391,Pevek,RU,2021-09-24 11:45:15,69.7008,170.3133,28.31,79,100,12.44
392,Placerville,US,2021-09-24 11:45:15,38.7296,-120.7986,73.94,38,89,6.69
393,Prijepolje,RS,2021-09-24 11:45:16,43.3719,19.6406,69.53,19,75,3.09
394,Lompoc,US,2021-09-24 11:45:17,34.6391,-120.4579,57.56,98,90,0.0
395,Vestmannaeyjar,IS,2021-09-24 11:45:17,63.4427,-20.2734,43.79,75,0,12.66
396,Shakiso,ET,2021-09-24 11:45:17,5.75,38.9167,64.6,80,100,2.06
397,Manggar,ID,2021-09-24 11:45:18,-2.8833,108.2667,81.9,75,26,5.26
398,Las Animas,CL,2021-09-24 11:45:18,-39.8087,-73.2182,37.54,87,79,1.88
399,Harqalah,TN,2021-09-24 11:45:19,36.0303,10.509,93.79,46,40,12.66
400,Mayya,RU,2021-09-24 11:45:19,61.7333,130.2811,47.52,72,100,10.13
401,Grindavik,IS,2021-09-24 11:45:20,63.8424,-22.4338,45.07,70,20,2.3
402,Staryy Nadym,RU,2021-09-24 11:45:21,65.6118,72.6842,41.18,65,43,7.96
403,Belaya Gora,RU,2021-09-24 11:45:21,68.5333,146.4167,34.18,92,85,7.96
404,Paraiso,CR,2021-09-24 11:45:22,9.8383,-83.8656,61.95,94,99,2.08
405,Mikhaylovskoye,RU,2021-09-24 11:45:23,51.8239,79.7172,44.6,40,92,6.78
406,Baryshivka,UA,2021-09-24 11:41:30,50.361,31.3217,58.06,72,99,15.19
407,Kieta,PG,2021-09-24 11:45:23,-6.2167,155.6333,78.87,83,91,4.63
408,Klaksvik,FO,2021-09-24 11:45:24,62.2266,-6.589,49.12,81,61,30.24
409,Byron Bay,AU,2021-09-24 11:45:24,-28.65,153.6167,66.87,82,1,13.33
410,Bubaque,GW,2021-09-24 11:45:25,11.2833,-15.8333,81.73,72,96,1.9
411,Deer Lake,CA,2021-09-24 11:45:25,49.1667,-57.4316,49.86,93,90,9.22
412,Lima,PE,2021-09-24 11:42:09,-12.0432,-77.0282,57.38,89,90,3.44
413,Lock Haven,US,2021-09-24 11:45:26,41.137,-77.4469,51.84,99,1,3.27
414,Vila Franca Do Campo,PT,2021-09-24 11:45:26,37.7167,-25.4333,74.19,59,86,4.21
415,Gorodovikovsk,RU,2021-09-24 11:45:27,46.0878,41.9335,62.38,58,99,8.52
416,Dalnerechensk,RU,2021-09-24 11:45:28,45.9339,133.7225,51.4,69,65,2.04
417,Yerbogachen,RU,2021-09-24 11:45:28,61.2767,108.0108,39.9,90,100,5.44
418,Orlik,RU,2021-09-24 11:45:28,52.5178,99.825,37.92,76,81,4.94
419,Madison,US,2021-09-24 11:45:24,34.7334,-86.5667,52.39,96,1,3.44
420,Imbituba,BR,2021-09-24 11:45:29,-28.24,-48.6703,64.81,88,99,10.71
421,Xuddur,SO,2021-09-24 11:45:30,4.1213,43.8894,87.75,31,92,15.77
422,Zhigalovo,RU,2021-09-24 11:45:30,54.8097,105.1578,43.03,97,100,1.77
423,San Juan Atitan,GT,2021-09-24 11:45:31,15.4333,-91.6333,56.43,95,99,1.79
424,Nieuw Amsterdam,SR,2021-09-24 11:45:32,5.8833,-55.0833,82.02,89,20,0.0
425,Saryg-Sep,RU,2021-09-24 11:45:32,51.5,95.6,40.23,66,66,2.26
426,San Patricio,US,2021-09-24 11:45:33,28.017,-97.5169,75.81,63,0,5.26
427,Botwood,CA,2021-09-24 11:45:33,49.1499,-55.3482,48.9,62,75,8.14
428,Kikwit,CD,2021-09-24 11:45:34,-5.041,18.8162,94.75,33,100,4.16
429,Micheweni,TZ,2021-09-24 11:45:34,-4.9667,39.8333,81.52,64,22,12.01
430,La Ronge,CA,2021-09-24 11:45:35,55.1001,-105.2842,48.45,76,90,11.5
431,Poli,TZ,2021-09-24 11:45:35,-3.3333,36.8,71.71,43,99,8.79
432,Pahalgam,IN,2021-09-24 11:45:36,34.0333,75.3333,64.04,55,4,5.06
433,Alta Gracia,AR,2021-09-24 11:45:36,-31.6529,-64.4283,59.88,49,0,5.39
434,Abu Zabad,SD,2021-09-24 11:45:37,12.35,29.25,91.11,44,69,11.77
435,Corowa,AU,2021-09-24 11:45:37,-36.0333,146.3833,59.32,60,18,12.15
436,Sorong,ID,2021-09-24 11:45:38,-0.8833,131.25,75.45,91,100,10.29
437,Mujiayingzi,CN,2021-09-24 11:45:38,42.1167,118.7833,60.93,91,98,3.6
438,Elmira,US,2021-09-24 11:42:58,42.0898,-76.8077,53.64,92,1,5.75
439,Gunjur,GM,2021-09-24 11:45:39,13.2019,-16.7339,86.07,74,75,5.75
440,Hofn,IS,2021-09-24 11:45:39,64.2539,-15.2082,43.61,57,100,8.84
441,Rincon,US,2021-09-24 11:45:40,32.296,-81.2354,67.86,99,20,3.44
442,Magistralnyy,RU,2021-09-24 11:45:41,56.1725,107.4458,44.47,59,100,2.93
443,Pioner,RU,2021-09-24 11:45:41,55.3166,85.9508,38.64,65,75,6.71
444,Coromandel,BR,2021-09-24 11:45:42,-18.4733,-47.2003,78.21,41,25,12.41
445,Kinna,SE,2021-09-24 11:45:42,57.5073,12.6946,57.74,74,90,11.14
446,Samarai,PG,2021-09-24 11:45:43,-10.6167,150.6667,78.4,88,83,15.5
447,Changchun,CN,2021-09-24 11:45:43,43.88,125.3228,57.16,78,100,3.47
448,Cabedelo,BR,2021-09-24 11:45:44,-6.9811,-34.8339,75.87,68,33,15.01
449,Rio Gallegos,AR,2021-09-24 11:41:33,-51.6226,-69.2181,50.05,62,75,16.11
450,Grand Forks,US,2021-09-24 11:45:08,47.9417,-97.4337,55.33,48,90,9.22
451,Barcelona,ES,2021-09-24 11:45:45,41.3888,2.159,79.14,58,75,5.01
452,Tandil,AR,2021-09-24 11:45:46,-37.3217,-59.1332,46.24,93,0,0.0
453,Tessalit,ML,2021-09-24 11:45:46,20.1986,1.0114,103.62,9,8,7.54
454,Surgut,RU,2021-09-24 11:45:47,61.25,73.4167,41.18,87,75,8.95
455,Mehran,IR,2021-09-24 11:45:47,33.1222,46.1646,99.88,12,0,13.15
456,Shubarkuduk,KZ,2021-09-24 11:45:48,49.1447,56.4872,68.45,18,100,24.02
457,Roebourne,AU,2021-09-24 11:45:48,-20.7833,117.1333,75.9,53,1,13.27
458,Lososina,RU,2021-09-24 11:45:49,48.9975,140.3106,48.54,85,26,3.91
459,Coquimbo,CL,2021-09-24 11:45:49,-29.9533,-71.3436,53.33,93,90,5.75
460,Xining,CN,2021-09-24 11:45:50,36.6167,101.7667,59.11,64,81,2.46
461,Broome,US,2021-09-24 11:45:50,42.2506,-75.833,51.85,77,1,4.0
462,Isla Mujeres,MX,2021-09-24 11:45:50,21.2311,-86.731,73.45,80,88,3.42
463,Scottsboro,US,2021-09-24 11:45:51,34.6723,-86.0341,52.79,100,90,6.91
464,Traunstein,DE,2021-09-24 11:45:51,47.8833,12.65,72.18,54,0,5.7
465,Port Moresby,PG,2021-09-24 11:45:51,-9.4431,147.1797,78.22,89,75,13.8
466,Champua,IN,2021-09-24 11:45:52,22.0833,85.6667,81.48,76,44,5.53
467,College,US,2021-09-24 11:45:52,64.8569,-147.8028,33.75,90,90,10.36
468,Nouakchott,MR,2021-09-24 11:45:53,18.0858,-15.9785,84.13,55,90,10.83
469,Meulaboh,ID,2021-09-24 11:45:53,4.1363,96.1285,81.34,78,69,3.74
470,Hobyo,SO,2021-09-24 11:45:53,5.3505,48.5268,79.66,73,98,20.18
471,Fukuma,JP,2021-09-24 11:45:54,33.7667,130.4667,74.28,78,34,12.48
472,Polunochnoye,RU,2021-09-24 11:45:54,60.8697,60.4153,49.48,70,100,2.35
473,Ashland,US,2021-09-24 11:45:55,40.8167,-82.2665,51.28,85,25,10.69
474,Trinidad,BO,2021-09-24 11:45:55,-14.8333,-64.9,73.38,56,90,9.22
475,Lufilufi,WS,2021-09-24 11:45:56,-13.8745,-171.5986,71.38,74,15,5.61
476,Ginda,IN,2021-09-24 11:45:56,30.6945,78.4932,69.33,84,40,2.28
477,Beipiao,CN,2021-09-24 11:45:57,41.7919,120.7792,61.2,90,100,6.04
478,Katsuura,JP,2021-09-24 11:45:57,35.1333,140.3,77.14,77,62,8.43
479,Mackenzie,CA,2021-09-24 11:45:58,55.2999,-123.1698,46.62,93,90,11.5
480,Awjilah,LY,2021-09-24 11:45:58,29.1081,21.2869,87.66,29,0,12.86
481,Sioux Lookout,CA,2021-09-24 11:45:59,50.1001,-91.917,53.67,82,75,10.36
482,Seoul,KR,2021-09-24 11:45:59,37.5683,126.9778,74.8,63,0,5.75
483,Huarmey,PE,2021-09-24 11:46:00,-10.0681,-78.1522,63.39,84,43,6.91
484,Talnakh,RU,2021-09-24 11:46:01,69.4865,88.3972,34.14,76,0,4.05
485,Ukiah,US,2021-09-24 11:46:01,39.1502,-123.2078,72.01,59,1,0.0
486,Krutaya Gorka,RU,2021-09-24 11:46:02,55.3649,73.2231,51.48,55,93,14.0
487,Tagusao,PH,2021-09-24 11:46:02,9.1924,117.8141,82.08,77,72,4.41
488,Kushnarenkovo,RU,2021-09-24 11:46:02,55.105,55.3508,55.78,40,100,13.38
489,Mandal,IN,2021-09-24 11:46:03,25.45,74.5667,83.89,74,45,6.06
490,Shirokiy,RU,2021-09-24 11:46:03,49.758,129.523,52.81,67,100,4.23
491,Moron,AR,2021-09-24 11:46:04,-34.6534,-58.6198,62.02,85,0,1.01
492,Buala,SB,2021-09-24 11:46:04,-8.145,159.5921,80.17,81,94,3.78
493,Choma,ZM,2021-09-24 11:46:05,-16.8065,26.9531,85.37,18,0,8.93
494,Strezhevoy,RU,2021-09-24 11:46:06,60.7333,77.5889,39.18,83,100,9.04
495,Cedar Falls,US,2021-09-24 11:46:06,42.5278,-92.4455,54.61,82,1,1.01
496,Ballitoville,ZA,2021-09-24 11:46:07,-29.539,31.2144,80.17,53,0,13.8
497,Altamont,US,2021-09-24 11:46:07,42.2068,-121.7372,52.77,67,1,1.01
498,Dillon,US,2021-09-24 11:46:07,34.4166,-79.3712,58.1,65,0,7.96
499,San Vicente,AR,2021-09-24 11:46:08,-26.6167,-54.1333,62.22,77,96,4.07
500,Jacareacanga,BR,2021-09-24 11:46:09,-6.2222,-57.7528,79.99,77,58,3.47
501,Votkinsk,RU,2021-09-24 11:46:10,57.0486,53.9872,51.78,60,100,12.71
502,Chuguyevka,RU,2021-09-24 11:46:11,44.1653,133.8633,49.21,90,49,2.39
503,Jambi,ID,2021-09-24 11:46:11,-1.6,103.6167,76.41,92,94,1.57
504,Rafai,CF,2021-09-24 11:46:12,4.95,23.9167,81.23,60,99,5.55
505,Vysokogornyy,RU,2021-09-24 11:46:13,50.1167,139.15,39.11,88,9,2.44
506,Isangel,VU,2021-09-24 11:46:13,-19.55,169.2667,70.39,75,100,10.58
507,Swan River,CA,2021-09-24 11:46:14,52.1058,-101.2676,44.49,57,50,13.8
508,Mokhsogollokh,RU,2021-09-24 11:46:14,61.4681,128.9203,42.21,75,100,8.48
509,Fuzhou,CN,2021-09-24 11:46:15,26.0614,119.3061,80.49,86,24,3.69
510,Calbuco,CL,2021-09-24 11:46:15,-41.768,-73.1273,40.21,82,85,6.13
511,Kurumkan,RU,2021-09-24 11:46:16,54.3,110.3,46.71,72,100,2.82
512,Lethem,GY,2021-09-24 11:46:16,3.3803,-59.7968,80.38,75,100,7.49
513,Sale,MA,2021-09-24 11:46:17,34.0389,-6.8166,76.64,68,75,5.75
514,Westport,US,2021-09-24 11:42:18,41.1415,-73.3579,64.78,95,90,4.0
515,San Ramon,US,2021-09-24 11:46:17,37.7799,-121.978,68.65,65,1,0.0
516,Mlonggo,ID,2021-09-24 11:46:18,-6.5333,110.7,85.89,73,20,9.53
517,Lasa,IT,2021-09-24 11:46:18,46.6166,10.7002,76.08,21,1,1.41
518,Deputatskiy,RU,2021-09-24 11:46:19,69.3,139.9,27.81,83,23,6.13
519,Jipijapa,EC,2021-09-24 11:46:19,-1.3333,-80.5833,67.5,87,97,3.0
520,Ancud,CL,2021-09-24 11:46:20,-41.8697,-73.8203,48.42,85,95,2.66
521,Nogales,MX,2021-09-24 11:46:20,31.3086,-110.9422,62.96,88,1,0.0
522,Tenosique,MX,2021-09-24 11:46:21,17.4833,-91.4333,71.69,95,100,2.89
523,Energeticheskiy,KZ,2021-09-24 11:46:21,43.4278,77.0222,66.76,14,40,8.95
524,Puerto Escondido,MX,2021-09-24 11:46:22,15.85,-97.0667,77.27,83,95,3.89
525,Oranjestad,AW,2021-09-24 11:45:43,12.524,-70.027,84.9,85,20,5.99
526,Vung Tau,VN,2021-09-24 11:46:23,10.346,107.0843,79.02,85,100,7.16
527,Manoel Urbano,BR,2021-09-24 11:46:23,-8.8389,-69.2597,79.52,68,38,2.35
528,Cidreira,BR,2021-09-24 11:46:24,-30.1811,-50.2056,60.93,92,100,7.85
529,Abashiri,JP,2021-09-24 11:46:24,44.0213,144.2697,49.95,93,20,6.91
530,Cururupu,BR,2021-09-24 11:46:24,-1.8283,-44.8683,83.16,66,33,7.4
531,Dekar,BW,2021-09-24 11:46:25,-21.5333,21.9333,92.41,13,1,9.62
532,Ushtobe,KZ,2021-09-24 11:46:25,45.2514,77.9838,59.7,24,0,16.84
533,Cockburn Town,TC,2021-09-24 11:46:26,21.4612,-71.1419,82.13,73,100,4.41
534,Kerema,PG,2021-09-24 11:46:26,-7.9631,145.7785,78.31,90,98,6.22
535,Bitung,ID,2021-09-24 11:46:27,1.4451,125.1824,77.85,83,79,6.38
536,Marawi,PH,2021-09-24 11:46:27,7.9986,124.2928,72.64,97,95,2.24
537,Buraydah,SA,2021-09-24 11:46:27,26.326,43.975,104.45,8,0,2.13
538,Kokologo,BF,2021-09-24 11:46:28,12.1897,-1.8856,91.26,45,23,1.77
539,Dharchula,IN,2021-09-24 11:46:29,29.85,80.5333,74.7,85,61,1.54
540,Tahta,EG,2021-09-24 11:46:29,26.7693,31.5021,96.91,23,0,18.43
541,Khandyga,RU,2021-09-24 11:46:30,62.6667,135.6,44.35,65,70,4.63
542,Jinchang,CN,2021-09-24 11:46:30,38.4953,102.1739,70.56,48,15,10.8
543,Torrijos,ES,2021-09-24 11:46:31,39.9819,-4.2835,75.25,56,59,1.86
544,Craig,US,2021-09-24 11:46:31,40.5153,-107.5464,48.54,93,1,0.0
545,Krishnanagar,IN,2021-09-24 11:46:32,23.4,88.5,84.54,72,73,3.29
546,Sipe Sipe,BO,2021-09-24 11:46:32,-17.45,-66.3833,58.75,61,23,3.29
547,Ko Samui,TH,2021-09-24 11:46:33,9.5357,99.9357,85.91,74,20,5.75
548,Kupang,ID,2021-09-24 11:46:33,-10.1667,123.5833,77.65,74,90,9.69
549,Alghero,IT,2021-09-24 11:46:34,40.5589,8.3181,86.09,45,0,2.3
550,Bairnsdale,AU,2021-09-24 11:46:35,-37.8333,147.6167,52.7,74,45,1.99
551,Liverpool,GB,2021-09-24 11:46:35,53.4106,-2.9779,69.8,82,40,12.66
552,Tezu,IN,2021-09-24 11:46:36,27.9167,96.1667,80.29,83,5,3.44
553,Providencia,MX,2021-09-24 11:46:36,28.7167,-111.5833,76.86,58,100,2.66
554,Ixtapa,MX,2021-09-24 11:46:37,20.7,-105.2,76.23,97,16,3.56
555,Esperance,AU,2021-09-24 11:46:37,-33.8667,121.9,53.44,68,75,9.73
556,Banda Aceh,ID,2021-09-24 11:46:38,5.5577,95.3222,82.67,78,69,9.55
557,Bandarbeyla,SO,2021-09-24 11:46:38,9.4942,50.8122,85.03,56,54,29.1
558,Matara,LK,2021-09-24 11:46:39,5.9485,80.5353,81.81,77,96,12.88
559,Bouar,CF,2021-09-24 11:46:40,5.934,15.596,77.65,67,100,4.09
560,Progreso,MX,2021-09-24 11:46:40,21.2833,-89.6667,74.1,93,100,4.59
561,Gondanglegi,ID,2021-09-24 11:46:41,-7.7479,112.0132,77.11,86,86,9.86
562,Wilmington,US,2021-09-24 11:46:08,34.2257,-77.9447,59.95,80,1,4.61
563,Mittersill,AT,2021-09-24 11:46:42,47.2667,12.4833,75.85,41,1,4.97
564,Fagersta,SE,2021-09-24 11:46:42,60.0042,15.7932,52.39,60,100,4.92
565,Djibo,BF,2021-09-24 11:46:43,14.1022,-1.6306,97.41,29,70,1.41
566,Suba,PH,2021-09-24 11:46:43,10.8438,121.0102,84.13,81,59,19.42
567,Kailua,US,2021-09-24 11:46:44,21.4022,-157.7394,77.14,75,75,6.91
568,Cordoba,AR,2021-09-24 11:46:39,-31.4135,-64.1811,61.75,46,0,5.75
569,Whitehorse,CA,2021-09-24 11:44:46,60.7161,-135.0538,45.37,81,90,24.16
570,Bathsheba,BB,2021-09-24 11:46:44,13.2167,-59.5167,84.81,74,20,9.22
571,Linaon,PH,2021-09-24 11:46:45,9.9499,122.4483,82.65,82,73,13.53
572,Sao Joao Da Barra,BR,2021-09-24 11:46:46,-21.6403,-41.0511,69.89,57,99,11.3
573,Colonia Leopoldina,BR,2021-09-24 11:46:46,-8.9089,-35.725,82.22,63,29,8.79
574,Kloulklubed,PW,2021-09-24 11:46:47,7.0419,134.2556,79.3,73,91,5.53
575,Salta,AR,2021-09-24 11:44:34,-24.7859,-65.4117,50.29,81,0,3.44
576,Chara,RU,2021-09-24 11:46:47,56.9064,118.2631,38.55,83,91,4.47
577,Karratha,AU,2021-09-24 11:46:48,-20.7377,116.8463,75.25,60,1,12.91
578,Akdepe,TM,2021-09-24 11:46:48,42.0551,59.3788,87.89,11,2,20.15
579,Tura,IN,2021-09-24 11:46:49,25.5198,90.2201,78.37,91,30,3.11
580,Amazar,RU,2021-09-24 11:46:50,53.858,120.875,42.62,89,50,3.09
581,Ostersund,SE,2021-09-24 11:46:50,63.1792,14.6357,44.62,81,20,8.05
582,Houlton,US,2021-09-24 11:46:51,46.1262,-67.8403,64.81,77,90,5.75
583,San Policarpo,PH,2021-09-24 11:46:51,12.1791,125.5072,83.12,81,98,10.04
584,Kudinovo,RU,2021-09-24 11:46:52,54.9994,36.2533,48.25,73,100,14.9
585,Ulaangom,MN,2021-09-24 11:46:53,49.9811,92.0667,45.09,57,96,17.16
586,Rajka,HU,2021-09-24 11:46:53,47.9964,17.1982,69.78,64,40,19.57
587,Belorechensk,RU,2021-09-24 11:46:54,44.76,39.87,65.12,51,73,8.81
